step,time_s,key,value
0,70.9,reward,0.583
0,70.9,staleness,0
0,70.9,loss,0.000
0,70.9,pg,0.000
0,70.9,ratio,1.000
0,70.9,gnorm,0.033
0,70.9,queued,0
0,70.9,dropped,0
0,70.9,received,8
0,70.9,snap_dropped,0
0,70.9,logp_gap,0.026
0,97.7,eval_acc,0.391
1,105.9,reward,0.547
1,105.9,staleness,1
1,105.9,loss,0.000
1,105.9,pg,0.000
1,105.9,ratio,1.001
1,105.9,gnorm,0.046
1,105.9,queued,0
1,105.9,dropped,0
1,105.9,received,16
1,105.9,snap_dropped,0
1,105.9,logp_gap,0.025
2,121.4,reward,0.568
2,121.4,staleness,1
2,121.4,loss,0.000
2,121.4,pg,0.000
2,121.4,ratio,1.001
2,121.4,gnorm,0.060
2,121.4,queued,0
2,121.4,dropped,0
2,121.4,received,24
2,121.4,snap_dropped,0
2,121.4,logp_gap,0.028
3,148.3,reward,0.547
3,148.3,staleness,1
3,148.3,loss,-0.000
3,148.3,pg,-0.000
3,148.3,ratio,1.001
3,148.3,gnorm,0.041
3,148.3,queued,0
3,148.3,dropped,0
3,148.3,received,32
3,148.3,snap_dropped,0
3,148.3,logp_gap,0.028
4,176.7,reward,0.598
4,176.7,staleness,1
4,176.7,loss,0.000
4,176.7,pg,0.000
4,176.7,ratio,1.001
4,176.7,gnorm,0.045
4,176.7,queued,0
4,176.7,dropped,0
4,176.7,received,40
4,176.7,snap_dropped,0
4,176.7,logp_gap,0.027
5,203.2,reward,0.651
5,203.2,staleness,1
5,203.2,loss,0.000
5,203.2,pg,0.000
5,203.2,ratio,1.001
5,203.2,gnorm,0.041
5,203.2,queued,0
5,203.2,dropped,0
5,203.2,received,48
5,203.2,snap_dropped,0
5,203.2,logp_gap,0.029
6,231.1,reward,0.679
6,231.1,staleness,1
6,231.1,loss,-0.000
6,231.1,pg,-0.000
6,231.1,ratio,1.001
6,231.1,gnorm,0.034
6,231.1,queued,0
6,231.1,dropped,0
6,231.1,received,56
6,231.1,snap_dropped,0
6,231.1,logp_gap,0.025
7,258.6,reward,0.600
7,258.6,staleness,1
7,258.6,loss,0.000
7,258.6,pg,0.000
7,258.6,ratio,1.001
7,258.6,gnorm,0.032
7,258.6,queued,0
7,258.6,dropped,0
7,258.6,received,64
7,258.6,snap_dropped,0
7,258.6,logp_gap,0.025
8,286.8,reward,0.601
8,286.8,staleness,1
8,286.8,loss,0.000
8,286.8,pg,0.000
8,286.8,ratio,1.001
8,286.8,gnorm,0.024
8,286.8,queued,0
8,286.8,dropped,0
8,286.8,received,72
8,286.8,snap_dropped,0
8,286.8,logp_gap,0.025
9,314.8,reward,0.631
9,314.8,staleness,1
9,314.8,loss,0.000
9,314.8,pg,0.000
9,314.8,ratio,1.001
9,314.8,gnorm,0.031
9,314.8,queued,0
9,314.8,dropped,0
9,314.8,received,80
9,314.8,snap_dropped,0
9,314.8,logp_gap,0.026
10,342.7,reward,0.695
10,342.7,staleness,1
10,342.7,loss,0.000
10,342.7,pg,0.000
10,342.7,ratio,1.001
10,342.7,gnorm,0.023
10,342.7,queued,0
10,342.7,dropped,0
10,342.7,received,88
10,342.7,snap_dropped,0
10,342.7,logp_gap,0.025
11,370.5,reward,0.581
11,370.5,staleness,1
11,370.5,loss,0.000
11,370.5,pg,0.000
11,370.5,ratio,1.001
11,370.5,gnorm,0.031
11,370.5,queued,0
11,370.5,dropped,0
11,370.5,received,96
11,370.5,snap_dropped,0
11,370.5,logp_gap,0.022
12,398.5,reward,0.698
12,398.5,staleness,1
12,398.5,loss,0.000
12,398.5,pg,0.000
12,398.5,ratio,1.001
12,398.5,gnorm,0.026
12,398.5,queued,0
12,398.5,dropped,0
12,398.5,received,104
12,398.5,snap_dropped,0
12,398.5,logp_gap,0.023
13,427.1,reward,0.637
13,427.1,staleness,1
13,427.1,loss,0.000
13,427.1,pg,0.000
13,427.1,ratio,1.001
13,427.1,gnorm,0.030
13,427.1,queued,0
13,427.1,dropped,0
13,427.1,received,112
13,427.1,snap_dropped,0
13,427.1,logp_gap,0.025
14,454.8,reward,0.640
14,454.8,staleness,1
14,454.8,loss,-0.000
14,454.8,pg,-0.000
14,454.8,ratio,1.001
14,454.8,gnorm,0.029
14,454.8,queued,0
14,454.8,dropped,0
14,454.8,received,120
14,454.8,snap_dropped,0
14,454.8,logp_gap,0.021
15,481.6,reward,0.628
15,481.6,staleness,1
15,481.6,loss,0.000
15,481.6,pg,0.000
15,481.6,ratio,1.001
15,481.6,gnorm,0.038
15,481.6,queued,0
15,481.6,dropped,0
15,481.6,received,128
15,481.6,snap_dropped,0
15,481.6,logp_gap,0.024
16,508.5,reward,0.642
16,508.5,staleness,1
16,508.5,loss,0.000
16,508.5,pg,0.000
16,508.5,ratio,1.001
16,508.5,gnorm,0.030
16,508.5,queued,0
16,508.5,dropped,0
16,508.5,received,136
16,508.5,snap_dropped,0
16,508.5,logp_gap,0.023
17,536.4,reward,0.649
17,536.4,staleness,1
17,536.4,loss,0.000
17,536.4,pg,0.000
17,536.4,ratio,1.001
17,536.4,gnorm,0.026
17,536.4,queued,0
17,536.4,dropped,0
17,536.4,received,144
17,536.4,snap_dropped,0
17,536.4,logp_gap,0.024
18,563.5,reward,0.576
18,563.5,staleness,1
18,563.5,loss,0.000
18,563.5,pg,0.000
18,563.5,ratio,1.001
18,563.5,gnorm,0.032
18,563.5,queued,0
18,563.5,dropped,0
18,563.5,received,152
18,563.5,snap_dropped,0
18,563.5,logp_gap,0.021
19,590.3,reward,0.621
19,590.3,staleness,1
19,590.3,loss,0.000
19,590.3,pg,0.000
19,590.3,ratio,1.001
19,590.3,gnorm,0.037
19,590.3,queued,0
19,590.3,dropped,0
19,590.3,received,160
19,590.3,snap_dropped,0
19,590.3,logp_gap,0.023
20,617.6,reward,0.669
20,617.6,staleness,1
20,617.6,loss,0.000
20,617.6,pg,0.000
20,617.6,ratio,1.001
20,617.6,gnorm,0.027
20,617.6,queued,0
20,617.6,dropped,0
20,617.6,received,168
20,617.6,snap_dropped,0
20,617.6,logp_gap,0.023
20,631.3,eval_acc,0.469
21,644.8,reward,0.670
21,644.8,staleness,1
21,644.8,loss,0.000
21,644.8,pg,0.000
21,644.8,ratio,1.001
21,644.8,gnorm,0.029
21,644.8,queued,0
21,644.8,dropped,0
21,644.8,received,176
21,644.8,snap_dropped,0
21,644.8,logp_gap,0.025
22,671.8,reward,0.615
22,671.8,staleness,1
22,671.8,loss,0.000
22,671.8,pg,0.000
22,671.8,ratio,1.001
22,671.8,gnorm,0.022
22,671.8,queued,0
22,671.8,dropped,0
22,671.8,received,184
22,671.8,snap_dropped,0
22,671.8,logp_gap,0.021
23,698.7,reward,0.596
23,698.7,staleness,1
23,698.7,loss,0.000
23,698.7,pg,0.000
23,698.7,ratio,1.001
23,698.7,gnorm,0.024
23,698.7,queued,0
23,698.7,dropped,0
23,698.7,received,192
23,698.7,snap_dropped,0
23,698.7,logp_gap,0.020
24,726.7,reward,0.706
24,726.7,staleness,1
24,726.7,loss,0.000
24,726.7,pg,0.000
24,726.7,ratio,1.001
24,726.7,gnorm,0.034
24,726.7,queued,0
24,726.7,dropped,0
24,726.7,received,200
24,726.7,snap_dropped,0
24,726.7,logp_gap,0.022
25,754.3,reward,0.519
25,754.3,staleness,1
25,754.3,loss,0.000
25,754.3,pg,0.000
25,754.3,ratio,1.013
25,754.3,gnorm,9.859
25,754.3,queued,0
25,754.3,dropped,0
25,754.3,received,208
25,754.3,snap_dropped,0
25,754.3,logp_gap,0.016
26,781.8,reward,0.685
26,781.8,staleness,1
26,781.8,loss,0.000
26,781.8,pg,0.000
26,781.8,ratio,1.001
26,781.8,gnorm,0.020
26,781.8,queued,0
26,781.8,dropped,0
26,781.8,received,216
26,781.8,snap_dropped,0
26,781.8,logp_gap,0.019
27,808.8,reward,0.665
27,808.8,staleness,1
27,808.8,loss,-0.000
27,808.8,pg,-0.000
27,808.8,ratio,1.001
27,808.8,gnorm,0.029
27,808.8,queued,0
27,808.8,dropped,0
27,808.8,received,224
27,808.8,snap_dropped,0
27,808.8,logp_gap,0.022
28,836.2,reward,0.707
28,836.2,staleness,1
28,836.2,loss,0.000
28,836.2,pg,0.000
28,836.2,ratio,1.001
28,836.2,gnorm,0.030
28,836.2,queued,0
28,836.2,dropped,0
28,836.2,received,232
28,836.2,snap_dropped,0
28,836.2,logp_gap,0.019
29,862.4,reward,0.626
29,862.4,staleness,1
29,862.4,loss,0.000
29,862.4,pg,0.000
29,862.4,ratio,1.001
29,862.4,gnorm,0.037
29,862.4,queued,0
29,862.4,dropped,0
29,862.4,received,240
29,862.4,snap_dropped,0
29,862.4,logp_gap,0.020
30,889.8,reward,0.728
30,889.8,staleness,1
30,889.8,loss,0.000
30,889.8,pg,0.000
30,889.8,ratio,1.001
30,889.8,gnorm,0.038
30,889.8,queued,0
30,889.8,dropped,0
30,889.8,received,248
30,889.8,snap_dropped,0
30,889.8,logp_gap,0.017
31,916.8,reward,0.699
31,916.8,staleness,1
31,916.8,loss,0.000
31,916.8,pg,0.000
31,916.8,ratio,1.001
31,916.8,gnorm,0.032
31,916.8,queued,0
31,916.8,dropped,0
31,916.8,received,256
31,916.8,snap_dropped,0
31,916.8,logp_gap,0.019
32,943.5,reward,0.574
32,943.5,staleness,1
32,943.5,loss,-0.000
32,943.5,pg,-0.000
32,943.5,ratio,1.001
32,943.5,gnorm,0.028
32,943.5,queued,0
32,943.5,dropped,0
32,943.5,received,264
32,943.5,snap_dropped,0
32,943.5,logp_gap,0.018
33,970.5,reward,0.668
33,970.5,staleness,1
33,970.5,loss,0.000
33,970.5,pg,0.000
33,970.5,ratio,1.001
33,970.5,gnorm,0.025
33,970.5,queued,0
33,970.5,dropped,0
33,970.5,received,272
33,970.5,snap_dropped,0
33,970.5,logp_gap,0.017
34,997.3,reward,0.624
34,997.3,staleness,1
34,997.3,loss,0.000
34,997.3,pg,0.000
34,997.3,ratio,1.003
34,997.3,gnorm,0.052
34,997.3,queued,0
34,997.3,dropped,0
34,997.3,received,280
34,997.3,snap_dropped,0
34,997.3,logp_gap,0.016
35,1024.1,reward,0.705
35,1024.1,staleness,1
35,1024.1,loss,0.000
35,1024.1,pg,0.000
35,1024.1,ratio,1.001
35,1024.1,gnorm,0.072
35,1024.1,queued,0
35,1024.1,dropped,0
35,1024.1,received,288
35,1024.1,snap_dropped,0
35,1024.1,logp_gap,0.017
36,1050.9,reward,0.684
36,1050.9,staleness,1
36,1050.9,loss,0.000
36,1050.9,pg,0.000
36,1050.9,ratio,1.001
36,1050.9,gnorm,0.039
36,1050.9,queued,0
36,1050.9,dropped,0
36,1050.9,received,296
36,1050.9,snap_dropped,0
36,1050.9,logp_gap,0.015
37,1078.0,reward,0.577
37,1078.0,staleness,1
37,1078.0,loss,0.000
37,1078.0,pg,0.000
37,1078.0,ratio,1.001
37,1078.0,gnorm,0.035
37,1078.0,queued,0
37,1078.0,dropped,0
37,1078.0,received,304
37,1078.0,snap_dropped,0
37,1078.0,logp_gap,0.017
38,1104.9,reward,0.668
38,1104.9,staleness,1
38,1104.9,loss,0.000
38,1104.9,pg,0.000
38,1104.9,ratio,1.001
38,1104.9,gnorm,0.029
38,1104.9,queued,0
38,1104.9,dropped,0
38,1104.9,received,312
38,1104.9,snap_dropped,0
38,1104.9,logp_gap,0.018
39,1131.6,reward,0.727
39,1131.6,staleness,1
39,1131.6,loss,0.000
39,1131.6,pg,0.000
39,1131.6,ratio,1.001
39,1131.6,gnorm,0.041
39,1131.6,queued,0
39,1131.6,dropped,0
39,1131.6,received,320
39,1131.6,snap_dropped,0
39,1131.6,logp_gap,0.016
40,1158.6,reward,0.663
40,1158.6,staleness,1
40,1158.6,loss,0.000
40,1158.6,pg,0.000
40,1158.6,ratio,1.001
40,1158.6,gnorm,0.035
40,1158.6,queued,0
40,1158.6,dropped,0
40,1158.6,received,328
40,1158.6,snap_dropped,0
40,1158.6,logp_gap,0.018
40,1172.2,eval_acc,0.516
41,1185.7,reward,0.629
41,1185.7,staleness,1
41,1185.7,loss,0.000
41,1185.7,pg,0.000
41,1185.7,ratio,1.001
41,1185.7,gnorm,0.033
41,1185.7,queued,0
41,1185.7,dropped,0
41,1185.7,received,336
41,1185.7,snap_dropped,0
41,1185.7,logp_gap,0.017
42,1212.6,reward,0.580
42,1212.6,staleness,1
42,1212.6,loss,0.000
42,1212.6,pg,0.000
42,1212.6,ratio,1.001
42,1212.6,gnorm,0.030
42,1212.6,queued,1
42,1212.6,dropped,0
42,1212.6,received,345
42,1212.6,snap_dropped,0
42,1212.6,logp_gap,0.017
43,1239.7,reward,0.683
43,1239.7,staleness,1
43,1239.7,loss,0.000
43,1239.7,pg,0.000
43,1239.7,ratio,1.001
43,1239.7,gnorm,0.023
43,1239.7,queued,1
43,1239.7,dropped,0
43,1239.7,received,353
43,1239.7,snap_dropped,0
43,1239.7,logp_gap,0.014
44,1266.6,reward,0.695
44,1266.6,staleness,2
44,1266.6,loss,0.000
44,1266.6,pg,0.000
44,1266.6,ratio,1.001
44,1266.6,gnorm,0.026
44,1266.6,queued,1
44,1266.6,dropped,0
44,1266.6,received,361
44,1266.6,snap_dropped,0
44,1266.6,logp_gap,0.016
45,1293.5,reward,0.642
45,1293.5,staleness,2
45,1293.5,loss,0.000
45,1293.5,pg,0.000
45,1293.5,ratio,1.001
45,1293.5,gnorm,0.026
45,1293.5,queued,1
45,1293.5,dropped,0
45,1293.5,received,369
45,1293.5,snap_dropped,0
45,1293.5,logp_gap,0.017
46,1320.6,reward,0.809
46,1320.6,staleness,2
46,1320.6,loss,0.000
46,1320.6,pg,0.000
46,1320.6,ratio,1.001
46,1320.6,gnorm,0.019
46,1320.6,queued,1
46,1320.6,dropped,0
46,1320.6,received,377
46,1320.6,snap_dropped,0
46,1320.6,logp_gap,0.015
47,1347.5,reward,0.710
47,1347.5,staleness,2
47,1347.5,loss,0.000
47,1347.5,pg,0.000
47,1347.5,ratio,1.001
47,1347.5,gnorm,0.043
47,1347.5,queued,1
47,1347.5,dropped,0
47,1347.5,received,385
47,1347.5,snap_dropped,0
47,1347.5,logp_gap,0.014
48,1375.9,reward,0.648
48,1375.9,staleness,2
48,1375.9,loss,0.000
48,1375.9,pg,0.000
48,1375.9,ratio,1.001
48,1375.9,gnorm,0.035
48,1375.9,queued,1
48,1375.9,dropped,0
48,1375.9,received,393
48,1375.9,snap_dropped,0
48,1375.9,logp_gap,0.017
49,1402.3,reward,0.739
49,1402.3,staleness,2
49,1402.3,loss,0.000
49,1402.3,pg,0.000
49,1402.3,ratio,1.001
49,1402.3,gnorm,0.029
49,1402.3,queued,1
49,1402.3,dropped,0
49,1402.3,received,401
49,1402.3,snap_dropped,0
49,1402.3,logp_gap,0.014
50,1429.4,reward,0.688
50,1429.4,staleness,2
50,1429.4,loss,0.000
50,1429.4,pg,0.000
50,1429.4,ratio,1.001
50,1429.4,gnorm,0.033
50,1429.4,queued,1
50,1429.4,dropped,0
50,1429.4,received,409
50,1429.4,snap_dropped,0
50,1429.4,logp_gap,0.015
51,1456.8,reward,0.828
51,1456.8,staleness,2
51,1456.8,loss,0.000
51,1456.8,pg,0.000
51,1456.8,ratio,1.001
51,1456.8,gnorm,0.019
51,1456.8,queued,1
51,1456.8,dropped,0
51,1456.8,received,417
51,1456.8,snap_dropped,0
51,1456.8,logp_gap,0.016
52,1483.3,reward,0.571
52,1483.3,staleness,2
52,1483.3,loss,0.000
52,1483.3,pg,0.000
52,1483.3,ratio,1.001
52,1483.3,gnorm,0.027
52,1483.3,queued,1
52,1483.3,dropped,0
52,1483.3,received,425
52,1483.3,snap_dropped,0
52,1483.3,logp_gap,0.016
53,1510.4,reward,0.764
53,1510.4,staleness,2
53,1510.4,loss,0.000
53,1510.4,pg,0.000
53,1510.4,ratio,1.001
53,1510.4,gnorm,0.035
53,1510.4,queued,1
53,1510.4,dropped,0
53,1510.4,received,433
53,1510.4,snap_dropped,0
53,1510.4,logp_gap,0.016
54,1534.3,reward,0.711
54,1534.3,staleness,2
54,1534.3,loss,0.000
54,1534.3,pg,0.000
54,1534.3,ratio,1.001
54,1534.3,gnorm,0.027
54,1534.3,queued,1
54,1534.3,dropped,0
54,1534.3,received,441
54,1534.3,snap_dropped,0
54,1534.3,logp_gap,0.014
55,1561.5,reward,0.724
55,1561.5,staleness,2
55,1561.5,loss,0.000
55,1561.5,pg,0.000
55,1561.5,ratio,1.001
55,1561.5,gnorm,0.031
55,1561.5,queued,1
55,1561.5,dropped,0
55,1561.5,received,449
55,1561.5,snap_dropped,0
55,1561.5,logp_gap,0.017
56,1588.5,reward,0.664
56,1588.5,staleness,2
56,1588.5,loss,-0.000
56,1588.5,pg,-0.000
56,1588.5,ratio,1.001
56,1588.5,gnorm,0.020
56,1588.5,queued,1
56,1588.5,dropped,0
56,1588.5,received,457
56,1588.5,snap_dropped,0
56,1588.5,logp_gap,0.012
57,1616.4,reward,0.764
57,1616.4,staleness,2
57,1616.4,loss,0.000
57,1616.4,pg,0.000
57,1616.4,ratio,1.001
57,1616.4,gnorm,0.023
57,1616.4,queued,1
57,1616.4,dropped,0
57,1616.4,received,465
57,1616.4,snap_dropped,0
57,1616.4,logp_gap,0.015
58,1640.8,reward,0.657
58,1640.8,staleness,2
58,1640.8,loss,-0.000
58,1640.8,pg,-0.000
58,1640.8,ratio,1.001
58,1640.8,gnorm,0.020
58,1640.8,queued,1
58,1640.8,dropped,0
58,1640.8,received,473
58,1640.8,snap_dropped,0
58,1640.8,logp_gap,0.012
59,1667.6,reward,0.724
59,1667.6,staleness,2
59,1667.6,loss,0.000
59,1667.6,pg,0.000
59,1667.6,ratio,1.001
59,1667.6,gnorm,0.027
59,1667.6,queued,1
59,1667.6,dropped,0
59,1667.6,received,481
59,1667.6,snap_dropped,0
59,1667.6,logp_gap,0.014
60,1694.8,reward,0.633
60,1694.8,staleness,2
60,1694.8,loss,0.000
60,1694.8,pg,0.000
60,1694.8,ratio,1.001
60,1694.8,gnorm,0.020
60,1694.8,queued,1
60,1694.8,dropped,0
60,1694.8,received,489
60,1694.8,snap_dropped,0
60,1694.8,logp_gap,0.012
60,1708.4,eval_acc,0.609
61,1722.2,reward,0.695
61,1722.2,staleness,2
61,1722.2,loss,0.000
61,1722.2,pg,0.000
61,1722.2,ratio,1.019
61,1722.2,gnorm,0.021
61,1722.2,queued,1
61,1722.2,dropped,0
61,1722.2,received,497
61,1722.2,snap_dropped,0
61,1722.2,logp_gap,0.013
62,1749.0,reward,0.591
62,1749.0,staleness,2
62,1749.0,loss,0.000
62,1749.0,pg,0.000
62,1749.0,ratio,1.001
62,1749.0,gnorm,0.132
62,1749.0,queued,1
62,1749.0,dropped,0
62,1749.0,received,505
62,1749.0,snap_dropped,0
62,1749.0,logp_gap,0.014
63,1776.7,reward,0.778
63,1776.7,staleness,2
63,1776.7,loss,0.000
63,1776.7,pg,0.000
63,1776.7,ratio,1.001
63,1776.7,gnorm,0.021
63,1776.7,queued,1
63,1776.7,dropped,0
63,1776.7,received,513
63,1776.7,snap_dropped,0
63,1776.7,logp_gap,0.011
64,1802.8,reward,0.753
64,1802.8,staleness,2
64,1802.8,loss,0.000
64,1802.8,pg,0.000
64,1802.8,ratio,1.001
64,1802.8,gnorm,0.022
64,1802.8,queued,1
64,1802.8,dropped,0
64,1802.8,received,521
64,1802.8,snap_dropped,0
64,1802.8,logp_gap,0.012
65,1829.9,reward,0.851
65,1829.9,staleness,2
65,1829.9,loss,0.000
65,1829.9,pg,0.000
65,1829.9,ratio,1.001
65,1829.9,gnorm,0.022
65,1829.9,queued,1
65,1829.9,dropped,0
65,1829.9,received,529
65,1829.9,snap_dropped,0
65,1829.9,logp_gap,0.013
66,1857.2,reward,0.714
66,1857.2,staleness,2
66,1857.2,loss,0.000
66,1857.2,pg,0.000
66,1857.2,ratio,1.001
66,1857.2,gnorm,0.018
66,1857.2,queued,1
66,1857.2,dropped,0
66,1857.2,received,537
66,1857.2,snap_dropped,0
66,1857.2,logp_gap,0.012
67,1884.9,reward,0.690
67,1884.9,staleness,2
67,1884.9,loss,0.000
67,1884.9,pg,0.000
67,1884.9,ratio,1.001
67,1884.9,gnorm,0.021
67,1884.9,queued,2
67,1884.9,dropped,0
67,1884.9,received,546
67,1884.9,snap_dropped,0
67,1884.9,logp_gap,0.013
68,1911.5,reward,0.715
68,1911.5,staleness,2
68,1911.5,loss,0.000
68,1911.5,pg,0.000
68,1911.5,ratio,1.001
68,1911.5,gnorm,0.014
68,1911.5,queued,2
68,1911.5,dropped,0
68,1911.5,received,554
68,1911.5,snap_dropped,0
68,1911.5,logp_gap,0.012
69,1937.5,reward,0.770
69,1937.5,staleness,2
69,1937.5,loss,0.000
69,1937.5,pg,0.000
69,1937.5,ratio,1.001
69,1937.5,gnorm,0.019
69,1937.5,queued,2
69,1937.5,dropped,0
69,1937.5,received,562
69,1937.5,snap_dropped,0
69,1937.5,logp_gap,0.015
70,1963.5,reward,0.650
70,1963.5,staleness,2
70,1963.5,loss,0.000
70,1963.5,pg,0.000
70,1963.5,ratio,1.001
70,1963.5,gnorm,0.023
70,1963.5,queued,2
70,1963.5,dropped,0
70,1963.5,received,570
70,1963.5,snap_dropped,0
70,1963.5,logp_gap,0.012
71,1986.9,reward,0.741
71,1986.9,staleness,2
71,1986.9,loss,0.000
71,1986.9,pg,0.000
71,1986.9,ratio,1.001
71,1986.9,gnorm,0.022
71,1986.9,queued,1
71,1986.9,dropped,0
71,1986.9,received,577
71,1986.9,snap_dropped,0
71,1986.9,logp_gap,0.010
72,2014.6,reward,0.814
72,2014.6,staleness,2
72,2014.6,loss,0.000
72,2014.6,pg,0.000
72,2014.6,ratio,1.001
72,2014.6,gnorm,0.016
72,2014.6,queued,2
72,2014.6,dropped,0
72,2014.6,received,586
72,2014.6,snap_dropped,0
72,2014.6,logp_gap,0.011
73,2042.2,reward,0.724
73,2042.2,staleness,2
73,2042.2,loss,0.000
73,2042.2,pg,0.000
73,2042.2,ratio,1.001
73,2042.2,gnorm,0.017
73,2042.2,queued,2
73,2042.2,dropped,0
73,2042.2,received,594
73,2042.2,snap_dropped,0
73,2042.2,logp_gap,0.013
74,2069.8,reward,0.792
74,2069.8,staleness,2
74,2069.8,loss,0.000
74,2069.8,pg,0.000
74,2069.8,ratio,1.001
74,2069.8,gnorm,0.020
74,2069.8,queued,2
74,2069.8,dropped,0
74,2069.8,received,602
74,2069.8,snap_dropped,0
74,2069.8,logp_gap,0.011
75,2091.8,reward,0.697
75,2091.8,staleness,2
75,2091.8,loss,0.000
75,2091.8,pg,0.000
75,2091.8,ratio,1.001
75,2091.8,gnorm,0.019
75,2091.8,queued,2
75,2091.8,dropped,0
75,2091.8,received,610
75,2091.8,snap_dropped,0
75,2091.8,logp_gap,0.011
76,2119.0,reward,0.756
76,2119.0,staleness,2
76,2119.0,loss,0.000
76,2119.0,pg,0.000
76,2119.0,ratio,1.001
76,2119.0,gnorm,0.026
76,2119.0,queued,2
76,2119.0,dropped,0
76,2119.0,received,618
76,2119.0,snap_dropped,0
76,2119.0,logp_gap,0.010
77,2144.3,reward,0.749
77,2144.3,staleness,2
77,2144.3,loss,0.000
77,2144.3,pg,0.000
77,2144.3,ratio,1.001
77,2144.3,gnorm,0.019
77,2144.3,queued,1
77,2144.3,dropped,0
77,2144.3,received,625
77,2144.3,snap_dropped,0
77,2144.3,logp_gap,0.011
78,2168.6,reward,0.639
78,2168.6,staleness,2
78,2168.6,loss,0.000
78,2168.6,pg,0.000
78,2168.6,ratio,1.001
78,2168.6,gnorm,0.021
78,2168.6,queued,1
78,2168.6,dropped,0
78,2168.6,received,633
78,2168.6,snap_dropped,0
78,2168.6,logp_gap,0.012
79,2196.4,reward,0.579
79,2196.4,staleness,2
79,2196.4,loss,0.000
79,2196.4,pg,0.000
79,2196.4,ratio,1.000
79,2196.4,gnorm,0.020
79,2196.4,queued,1
79,2196.4,dropped,0
79,2196.4,received,641
79,2196.4,snap_dropped,0
79,2196.4,logp_gap,0.012
80,2222.9,reward,0.812
80,2222.9,staleness,2
80,2222.9,loss,0.000
80,2222.9,pg,0.000
80,2222.9,ratio,1.001
80,2222.9,gnorm,0.017
80,2222.9,queued,2
80,2222.9,dropped,0
80,2222.9,received,650
80,2222.9,snap_dropped,0
80,2222.9,logp_gap,0.013
80,2236.4,eval_acc,0.594
81,2248.8,reward,0.832
81,2248.8,staleness,1
81,2248.8,loss,0.000
81,2248.8,pg,0.000
81,2248.8,ratio,1.001
81,2248.8,gnorm,0.009
81,2248.8,queued,2
81,2248.8,dropped,0
81,2248.8,received,658
81,2248.8,snap_dropped,0
81,2248.8,logp_gap,0.007
82,2276.6,reward,0.761
82,2276.6,staleness,2
82,2276.6,loss,0.000
82,2276.6,pg,0.000
82,2276.6,ratio,1.001
82,2276.6,gnorm,0.017
82,2276.6,queued,2
82,2276.6,dropped,0
82,2276.6,received,666
82,2276.6,snap_dropped,0
82,2276.6,logp_gap,0.011
83,2303.9,reward,0.769
83,2303.9,staleness,2
83,2303.9,loss,0.000
83,2303.9,pg,0.000
83,2303.9,ratio,1.001
83,2303.9,gnorm,0.024
83,2303.9,queued,3
83,2303.9,dropped,0
83,2303.9,received,675
83,2303.9,snap_dropped,0
83,2303.9,logp_gap,0.008
84,2329.6,reward,0.757
84,2329.6,staleness,2
84,2329.6,loss,0.000
84,2329.6,pg,0.000
84,2329.6,ratio,1.001
84,2329.6,gnorm,0.015
84,2329.6,queued,3
84,2329.6,dropped,0
84,2329.6,received,683
84,2329.6,snap_dropped,0
84,2329.6,logp_gap,0.008
85,2355.8,reward,0.759
85,2355.8,staleness,2
85,2355.8,loss,0.000
85,2355.8,pg,0.000
85,2355.8,ratio,1.001
85,2355.8,gnorm,0.018
85,2355.8,queued,3
85,2355.8,dropped,0
85,2355.8,received,691
85,2355.8,snap_dropped,0
85,2355.8,logp_gap,0.008
86,2382.5,reward,0.711
86,2382.5,staleness,2
86,2382.5,loss,0.000
86,2382.5,pg,0.000
86,2382.5,ratio,1.001
86,2382.5,gnorm,0.020
86,2382.5,queued,3
86,2382.5,dropped,0
86,2382.5,received,699
86,2382.5,snap_dropped,0
86,2382.5,logp_gap,0.011
87,2409.4,reward,0.825
87,2409.4,staleness,2
87,2409.4,loss,-0.000
87,2409.4,pg,-0.000
87,2409.4,ratio,1.001
87,2409.4,gnorm,0.023
87,2409.4,queued,3
87,2409.4,dropped,0
87,2409.4,received,707
87,2409.4,snap_dropped,0
87,2409.4,logp_gap,0.009
88,2436.6,reward,0.766
88,2436.6,staleness,2
88,2436.6,loss,0.000
88,2436.6,pg,0.000
88,2436.6,ratio,1.001
88,2436.6,gnorm,0.026
88,2436.6,queued,3
88,2436.6,dropped,0
88,2436.6,received,715
88,2436.6,snap_dropped,0
88,2436.6,logp_gap,0.010
89,2463.6,reward,0.632
89,2463.6,staleness,2
89,2463.6,loss,0.000
89,2463.6,pg,0.000
89,2463.6,ratio,1.001
89,2463.6,gnorm,0.024
89,2463.6,queued,3
89,2463.6,dropped,0
89,2463.6,received,723
89,2463.6,snap_dropped,0
89,2463.6,logp_gap,0.012
90,2490.4,reward,0.793
90,2490.4,staleness,2
90,2490.4,loss,0.000
90,2490.4,pg,0.000
90,2490.4,ratio,1.001
90,2490.4,gnorm,0.022
90,2490.4,queued,3
90,2490.4,dropped,0
90,2490.4,received,731
90,2490.4,snap_dropped,0
90,2490.4,logp_gap,0.009
91,2517.2,reward,0.754
91,2517.2,staleness,2
91,2517.2,loss,0.000
91,2517.2,pg,0.000
91,2517.2,ratio,1.001
91,2517.2,gnorm,0.021
91,2517.2,queued,3
91,2517.2,dropped,0
91,2517.2,received,739
91,2517.2,snap_dropped,0
91,2517.2,logp_gap,0.010
92,2544.3,reward,0.816
92,2544.3,staleness,2
92,2544.3,loss,0.000
92,2544.3,pg,0.000
92,2544.3,ratio,1.001
92,2544.3,gnorm,0.015
92,2544.3,queued,3
92,2544.3,dropped,0
92,2544.3,received,747
92,2544.3,snap_dropped,0
92,2544.3,logp_gap,0.009
93,2570.9,reward,0.826
93,2570.9,staleness,2
93,2570.9,loss,0.000
93,2570.9,pg,0.000
93,2570.9,ratio,1.001
93,2570.9,gnorm,0.022
93,2570.9,queued,3
93,2570.9,dropped,0
93,2570.9,received,755
93,2570.9,snap_dropped,0
93,2570.9,logp_gap,0.009
94,2597.9,reward,0.716
94,2597.9,staleness,2
94,2597.9,loss,0.000
94,2597.9,pg,0.000
94,2597.9,ratio,1.001
94,2597.9,gnorm,0.020
94,2597.9,queued,3
94,2597.9,dropped,0
94,2597.9,received,763
94,2597.9,snap_dropped,0
94,2597.9,logp_gap,0.010
95,2621.3,reward,0.710
95,2621.3,staleness,2
95,2621.3,loss,0.000
95,2621.3,pg,0.000
95,2621.3,ratio,1.001
95,2621.3,gnorm,0.019
95,2621.3,queued,4
95,2621.3,dropped,0
95,2621.3,received,772
95,2621.3,snap_dropped,0
95,2621.3,logp_gap,0.010
96,2648.6,reward,0.762
96,2648.6,staleness,1
96,2648.6,loss,0.000
96,2648.6,pg,0.000
96,2648.6,ratio,1.001
96,2648.6,gnorm,0.028
96,2648.6,queued,4
96,2648.6,dropped,0
96,2648.6,received,780
96,2648.6,snap_dropped,0
96,2648.6,logp_gap,0.006
97,2676.1,reward,0.734
97,2676.1,staleness,2
97,2676.1,loss,0.000
97,2676.1,pg,0.000
97,2676.1,ratio,1.001
97,2676.1,gnorm,0.009
97,2676.1,queued,4
97,2676.1,dropped,0
97,2676.1,received,788
97,2676.1,snap_dropped,0
97,2676.1,logp_gap,0.010
98,2700.5,reward,0.752
98,2700.5,staleness,2
98,2700.5,loss,0.000
98,2700.5,pg,0.000
98,2700.5,ratio,1.001
98,2700.5,gnorm,0.023
98,2700.5,queued,2
98,2700.5,dropped,0
98,2700.5,received,794
98,2700.5,snap_dropped,0
98,2700.5,logp_gap,0.007
99,2727.4,reward,0.772
99,2727.4,staleness,2
99,2727.4,loss,0.000
99,2727.4,pg,0.000
99,2727.4,ratio,1.001
99,2727.4,gnorm,0.021
99,2727.4,queued,2
99,2727.4,dropped,0
99,2727.4,received,802
99,2727.4,snap_dropped,0
99,2727.4,logp_gap,0.010
100,2755.3,reward,0.711
100,2755.3,staleness,2
100,2755.3,loss,0.000
100,2755.3,pg,0.000
100,2755.3,ratio,1.001
100,2755.3,gnorm,0.019
100,2755.3,queued,3
100,2755.3,dropped,0
100,2755.3,received,811
100,2755.3,snap_dropped,0
100,2755.3,logp_gap,0.009
100,2768.6,eval_acc,0.547
101,2780.9,reward,0.733
101,2780.9,staleness,2
101,2780.9,loss,0.000
101,2780.9,pg,0.000
101,2780.9,ratio,1.001
101,2780.9,gnorm,0.033
101,2780.9,queued,3
101,2780.9,dropped,0
101,2780.9,received,819
101,2780.9,snap_dropped,0
101,2780.9,logp_gap,0.010
102,2807.6,reward,0.812
102,2807.6,staleness,2
102,2807.6,loss,0.000
102,2807.6,pg,0.000
102,2807.6,ratio,1.001
102,2807.6,gnorm,0.016
102,2807.6,queued,3
102,2807.6,dropped,0
102,2807.6,received,827
102,2807.6,snap_dropped,0
102,2807.6,logp_gap,0.008
103,2834.8,reward,0.733
103,2834.8,staleness,2
103,2834.8,loss,0.000
103,2834.8,pg,0.000
103,2834.8,ratio,1.003
103,2834.8,gnorm,0.028
103,2834.8,queued,3
103,2834.8,dropped,0
103,2834.8,received,835
103,2834.8,snap_dropped,0
103,2834.8,logp_gap,0.008
104,2858.6,reward,0.792
104,2858.6,staleness,2
104,2858.6,loss,0.000
104,2858.6,pg,0.000
104,2858.6,ratio,1.001
104,2858.6,gnorm,0.020
104,2858.6,queued,2
104,2858.6,dropped,0
104,2858.6,received,842
104,2858.6,snap_dropped,0
104,2858.6,logp_gap,0.009
105,2885.1,reward,0.731
105,2885.1,staleness,2
105,2885.1,loss,0.000
105,2885.1,pg,0.000
105,2885.1,ratio,1.001
105,2885.1,gnorm,0.022
105,2885.1,queued,2
105,2885.1,dropped,0
105,2885.1,received,850
105,2885.1,snap_dropped,0
105,2885.1,logp_gap,0.009
106,2912.0,reward,0.806
106,2912.0,staleness,2
106,2912.0,loss,0.000
106,2912.0,pg,0.000
106,2912.0,ratio,1.001
106,2912.0,gnorm,0.024
106,2912.0,queued,2
106,2912.0,dropped,0
106,2912.0,received,858
106,2912.0,snap_dropped,0
106,2912.0,logp_gap,0.012
107,2935.4,reward,0.821
107,2935.4,staleness,2
107,2935.4,loss,0.000
107,2935.4,pg,0.000
107,2935.4,ratio,1.001
107,2935.4,gnorm,0.017
107,2935.4,queued,1
107,2935.4,dropped,0
107,2935.4,received,865
107,2935.4,snap_dropped,0
107,2935.4,logp_gap,0.010
108,2961.4,reward,0.775
108,2961.4,staleness,2
108,2961.4,loss,0.000
108,2961.4,pg,0.000
108,2961.4,ratio,1.001
108,2961.4,gnorm,0.025
108,2961.4,queued,1
108,2961.4,dropped,0
108,2961.4,received,873
108,2961.4,snap_dropped,0
108,2961.4,logp_gap,0.008
109,2989.5,reward,0.778
109,2989.5,staleness,2
109,2989.5,loss,0.000
109,2989.5,pg,0.000
109,2989.5,ratio,1.001
109,2989.5,gnorm,0.025
109,2989.5,queued,1
109,2989.5,dropped,0
109,2989.5,received,881
109,2989.5,snap_dropped,0
109,2989.5,logp_gap,0.008
110,3016.9,reward,0.856
110,3016.9,staleness,2
110,3016.9,loss,0.000
110,3016.9,pg,0.000
110,3016.9,ratio,1.001
110,3016.9,gnorm,0.030
110,3016.9,queued,1
110,3016.9,dropped,0
110,3016.9,received,889
110,3016.9,snap_dropped,0
110,3016.9,logp_gap,0.008
111,3043.7,reward,0.810
111,3043.7,staleness,2
111,3043.7,loss,0.000
111,3043.7,pg,0.000
111,3043.7,ratio,1.001
111,3043.7,gnorm,0.022
111,3043.7,queued,1
111,3043.7,dropped,0
111,3043.7,received,897
111,3043.7,snap_dropped,0
111,3043.7,logp_gap,0.007
112,3071.0,reward,0.816
112,3071.0,staleness,2
112,3071.0,loss,0.000
112,3071.0,pg,0.000
112,3071.0,ratio,1.001
112,3071.0,gnorm,0.021
112,3071.0,queued,2
112,3071.0,dropped,0
112,3071.0,received,906
112,3071.0,snap_dropped,0
112,3071.0,logp_gap,0.009
113,3098.0,reward,0.706
113,3098.0,staleness,2
113,3098.0,loss,0.000
113,3098.0,pg,0.000
113,3098.0,ratio,1.001
113,3098.0,gnorm,0.019
113,3098.0,queued,2
113,3098.0,dropped,0
113,3098.0,received,914
113,3098.0,snap_dropped,0
113,3098.0,logp_gap,0.008
114,3125.1,reward,0.789
114,3125.1,staleness,2
114,3125.1,loss,0.000
114,3125.1,pg,0.000
114,3125.1,ratio,1.001
114,3125.1,gnorm,0.032
114,3125.1,queued,2
114,3125.1,dropped,0
114,3125.1,received,922
114,3125.1,snap_dropped,0
114,3125.1,logp_gap,0.009
115,3152.4,reward,0.664
115,3152.4,staleness,2
115,3152.4,loss,0.000
115,3152.4,pg,0.000
115,3152.4,ratio,1.028
115,3152.4,gnorm,199.996
115,3152.4,queued,2
115,3152.4,dropped,0
115,3152.4,received,930
115,3152.4,snap_dropped,0
115,3152.4,logp_gap,0.007
116,3179.6,reward,0.723
116,3179.6,staleness,2
116,3179.6,loss,0.000
116,3179.6,pg,0.000
116,3179.6,ratio,1.001
116,3179.6,gnorm,0.046
116,3179.6,queued,2
116,3179.6,dropped,0
116,3179.6,received,938
116,3179.6,snap_dropped,0
116,3179.6,logp_gap,0.007
117,3206.4,reward,0.759
117,3206.4,staleness,2
117,3206.4,loss,0.000
117,3206.4,pg,0.000
117,3206.4,ratio,1.001
117,3206.4,gnorm,0.033
117,3206.4,queued,2
117,3206.4,dropped,0
117,3206.4,received,946
117,3206.4,snap_dropped,0
117,3206.4,logp_gap,0.009
118,3226.9,reward,0.796
118,3226.9,staleness,2
118,3226.9,loss,0.000
118,3226.9,pg,0.000
118,3226.9,ratio,1.001
118,3226.9,gnorm,0.023
118,3226.9,queued,1
118,3226.9,dropped,0
118,3226.9,received,953
118,3226.9,snap_dropped,0
118,3226.9,logp_gap,0.010
119,3254.0,reward,0.796
119,3254.0,staleness,2
119,3254.0,loss,0.000
119,3254.0,pg,0.000
119,3254.0,ratio,1.001
119,3254.0,gnorm,0.023
119,3254.0,queued,1
119,3254.0,dropped,0
119,3254.0,received,961
119,3254.0,snap_dropped,0
119,3254.0,logp_gap,0.008
120,3281.2,reward,0.774
120,3281.2,staleness,2
120,3281.2,loss,0.000
120,3281.2,pg,0.000
120,3281.2,ratio,1.001
120,3281.2,gnorm,0.028
120,3281.2,queued,1
120,3281.2,dropped,0
120,3281.2,received,969
120,3281.2,snap_dropped,0
120,3281.2,logp_gap,0.009
120,3294.8,eval_acc,0.547
121,3308.8,reward,0.790
121,3308.8,staleness,2
121,3308.8,loss,0.000
121,3308.8,pg,0.000
121,3308.8,ratio,1.001
121,3308.8,gnorm,0.033
121,3308.8,queued,1
121,3308.8,dropped,0
121,3308.8,received,977
121,3308.8,snap_dropped,0
121,3308.8,logp_gap,0.009
122,3336.4,reward,0.752
122,3336.4,staleness,2
122,3336.4,loss,0.000
122,3336.4,pg,0.000
122,3336.4,ratio,1.001
122,3336.4,gnorm,0.025
122,3336.4,queued,1
122,3336.4,dropped,0
122,3336.4,received,985
122,3336.4,snap_dropped,0
122,3336.4,logp_gap,0.009
123,3363.0,reward,0.733
123,3363.0,staleness,2
123,3363.0,loss,0.000
123,3363.0,pg,0.000
123,3363.0,ratio,1.001
123,3363.0,gnorm,0.021
123,3363.0,queued,1
123,3363.0,dropped,0
123,3363.0,received,993
123,3363.0,snap_dropped,0
123,3363.0,logp_gap,0.009
124,3390.5,reward,0.804
124,3390.5,staleness,2
124,3390.5,loss,0.000
124,3390.5,pg,0.000
124,3390.5,ratio,1.001
124,3390.5,gnorm,0.027
124,3390.5,queued,2
124,3390.5,dropped,0
124,3390.5,received,1002
124,3390.5,snap_dropped,0
124,3390.5,logp_gap,0.009
125,3417.6,reward,0.840
125,3417.6,staleness,1
125,3417.6,loss,0.000
125,3417.6,pg,0.000
125,3417.6,ratio,1.001
125,3417.6,gnorm,0.023
125,3417.6,queued,2
125,3417.6,dropped,0
125,3417.6,received,1010
125,3417.6,snap_dropped,0
125,3417.6,logp_gap,0.007
126,3445.4,reward,0.771
126,3445.4,staleness,2
126,3445.4,loss,0.000
126,3445.4,pg,0.000
126,3445.4,ratio,1.001
126,3445.4,gnorm,0.021
126,3445.4,queued,2
126,3445.4,dropped,0
126,3445.4,received,1018
126,3445.4,snap_dropped,0
126,3445.4,logp_gap,0.009
127,3472.5,reward,0.724
127,3472.5,staleness,2
127,3472.5,loss,0.000
127,3472.5,pg,0.000
127,3472.5,ratio,1.001
127,3472.5,gnorm,0.022
127,3472.5,queued,2
127,3472.5,dropped,0
127,3472.5,received,1026
127,3472.5,snap_dropped,0
127,3472.5,logp_gap,0.009
128,3499.6,reward,0.728
128,3499.6,staleness,2
128,3499.6,loss,0.000
128,3499.6,pg,0.000
128,3499.6,ratio,1.001
128,3499.6,gnorm,0.023
128,3499.6,queued,2
128,3499.6,dropped,0
128,3499.6,received,1034
128,3499.6,snap_dropped,0
128,3499.6,logp_gap,0.007
129,3526.6,reward,0.801
129,3526.6,staleness,2
129,3526.6,loss,0.000
129,3526.6,pg,0.000
129,3526.6,ratio,1.001
129,3526.6,gnorm,0.029
129,3526.6,queued,2
129,3526.6,dropped,0
129,3526.6,received,1042
129,3526.6,snap_dropped,0
129,3526.6,logp_gap,0.009
130,3553.9,reward,0.709
130,3553.9,staleness,2
130,3553.9,loss,0.000
130,3553.9,pg,0.000
130,3553.9,ratio,1.001
130,3553.9,gnorm,0.027
130,3553.9,queued,2
130,3553.9,dropped,0
130,3553.9,received,1050
130,3553.9,snap_dropped,0
130,3553.9,logp_gap,0.007
131,3581.3,reward,0.825
131,3581.3,staleness,2
131,3581.3,loss,0.000
131,3581.3,pg,0.000
131,3581.3,ratio,1.001
131,3581.3,gnorm,0.039
131,3581.3,queued,2
131,3581.3,dropped,0
131,3581.3,received,1058
131,3581.3,snap_dropped,0
131,3581.3,logp_gap,0.008
132,3608.3,reward,0.750
132,3608.3,staleness,2
132,3608.3,loss,0.000
132,3608.3,pg,0.000
132,3608.3,ratio,1.001
132,3608.3,gnorm,0.036
132,3608.3,queued,2
132,3608.3,dropped,0
132,3608.3,received,1066
132,3608.3,snap_dropped,0
132,3608.3,logp_gap,0.008
133,3631.8,reward,0.769
133,3631.8,staleness,2
133,3631.8,loss,0.000
133,3631.8,pg,0.000
133,3631.8,ratio,1.002
133,3631.8,gnorm,0.036
133,3631.8,queued,2
133,3631.8,dropped,0
133,3631.8,received,1074
133,3631.8,snap_dropped,0
133,3631.8,logp_gap,0.009
134,3658.9,reward,0.716
134,3658.9,staleness,2
134,3658.9,loss,0.000
134,3658.9,pg,0.000
134,3658.9,ratio,1.001
134,3658.9,gnorm,0.024
134,3658.9,queued,2
134,3658.9,dropped,0
134,3658.9,received,1082
134,3658.9,snap_dropped,0
134,3658.9,logp_gap,0.006
135,3686.2,reward,0.725
135,3686.2,staleness,2
135,3686.2,loss,0.000
135,3686.2,pg,0.000
135,3686.2,ratio,1.001
135,3686.2,gnorm,0.026
135,3686.2,queued,2
135,3686.2,dropped,0
135,3686.2,received,1090
135,3686.2,snap_dropped,0
135,3686.2,logp_gap,0.008
136,3713.2,reward,0.804
136,3713.2,staleness,2
136,3713.2,loss,0.000
136,3713.2,pg,0.000
136,3713.2,ratio,1.002
136,3713.2,gnorm,0.031
136,3713.2,queued,2
136,3713.2,dropped,0
136,3713.2,received,1098
136,3713.2,snap_dropped,0
136,3713.2,logp_gap,0.010
137,3740.0,reward,0.812
137,3740.0,staleness,2
137,3740.0,loss,0.000
137,3740.0,pg,0.000
137,3740.0,ratio,1.001
137,3740.0,gnorm,0.025
137,3740.0,queued,2
137,3740.0,dropped,0
137,3740.0,received,1106
137,3740.0,snap_dropped,0
137,3740.0,logp_gap,0.010
138,3766.9,reward,0.792
138,3766.9,staleness,2
138,3766.9,loss,0.000
138,3766.9,pg,0.000
138,3766.9,ratio,1.001
138,3766.9,gnorm,0.029
138,3766.9,queued,2
138,3766.9,dropped,0
138,3766.9,received,1114
138,3766.9,snap_dropped,0
138,3766.9,logp_gap,0.007
139,3794.1,reward,0.831
139,3794.1,staleness,2
139,3794.1,loss,0.000
139,3794.1,pg,0.000
139,3794.1,ratio,1.001
139,3794.1,gnorm,0.022
139,3794.1,queued,2
139,3794.1,dropped,0
139,3794.1,received,1122
139,3794.1,snap_dropped,0
139,3794.1,logp_gap,0.008
140,3820.8,reward,0.797
140,3820.8,staleness,2
140,3820.8,loss,0.000
140,3820.8,pg,0.000
140,3820.8,ratio,1.001
140,3820.8,gnorm,0.024
140,3820.8,queued,2
140,3820.8,dropped,0
140,3820.8,received,1130
140,3820.8,snap_dropped,0
140,3820.8,logp_gap,0.008
140,3834.3,eval_acc,0.516
141,3847.6,reward,0.860
141,3847.6,staleness,2
141,3847.6,loss,0.000
141,3847.6,pg,0.000
141,3847.6,ratio,1.001
141,3847.6,gnorm,0.026
141,3847.6,queued,2
141,3847.6,dropped,0
141,3847.6,received,1138
141,3847.6,snap_dropped,0
141,3847.6,logp_gap,0.007
142,3875.1,reward,0.807
142,3875.1,staleness,2
142,3875.1,loss,0.000
142,3875.1,pg,0.000
142,3875.1,ratio,1.001
142,3875.1,gnorm,0.034
142,3875.1,queued,2
142,3875.1,dropped,0
142,3875.1,received,1146
142,3875.1,snap_dropped,0
142,3875.1,logp_gap,0.006
143,3901.4,reward,0.844
143,3901.4,staleness,2
143,3901.4,loss,0.000
143,3901.4,pg,0.000
143,3901.4,ratio,1.001
143,3901.4,gnorm,0.036
143,3901.4,queued,2
143,3901.4,dropped,0
143,3901.4,received,1154
143,3901.4,snap_dropped,0
143,3901.4,logp_gap,0.007
144,3921.2,reward,0.828
144,3921.2,staleness,2
144,3921.2,loss,0.000
144,3921.2,pg,0.000
144,3921.2,ratio,1.001
144,3921.2,gnorm,0.027
144,3921.2,queued,1
144,3921.2,dropped,0
144,3921.2,received,1161
144,3921.2,snap_dropped,0
144,3921.2,logp_gap,0.007
145,3948.1,reward,0.735
145,3948.1,staleness,2
145,3948.1,loss,0.000
145,3948.1,pg,0.000
145,3948.1,ratio,1.001
145,3948.1,gnorm,0.023
145,3948.1,queued,1
145,3948.1,dropped,0
145,3948.1,received,1169
145,3948.1,snap_dropped,0
145,3948.1,logp_gap,0.008
146,3975.8,reward,0.828
146,3975.8,staleness,2
146,3975.8,loss,0.000
146,3975.8,pg,0.000
146,3975.8,ratio,1.001
146,3975.8,gnorm,0.033
146,3975.8,queued,1
146,3975.8,dropped,0
146,3975.8,received,1177
146,3975.8,snap_dropped,0
146,3975.8,logp_gap,0.007
147,4002.4,reward,0.750
147,4002.4,staleness,2
147,4002.4,loss,0.000
147,4002.4,pg,0.000
147,4002.4,ratio,1.001
147,4002.4,gnorm,0.023
147,4002.4,queued,1
147,4002.4,dropped,0
147,4002.4,received,1185
147,4002.4,snap_dropped,0
147,4002.4,logp_gap,0.007
148,4029.4,reward,0.896
148,4029.4,staleness,2
148,4029.4,loss,0.000
148,4029.4,pg,0.000
148,4029.4,ratio,1.001
148,4029.4,gnorm,0.027
148,4029.4,queued,1
148,4029.4,dropped,0
148,4029.4,received,1193
148,4029.4,snap_dropped,0
148,4029.4,logp_gap,0.007
149,4057.3,reward,0.802
149,4057.3,staleness,2
149,4057.3,loss,-0.000
149,4057.3,pg,-0.000
149,4057.3,ratio,1.001
149,4057.3,gnorm,0.030
149,4057.3,queued,1
149,4057.3,dropped,0
149,4057.3,received,1201
149,4057.3,snap_dropped,0
149,4057.3,logp_gap,0.006
150,4083.4,reward,0.846
150,4083.4,staleness,2
150,4083.4,loss,-0.000
150,4083.4,pg,-0.000
150,4083.4,ratio,1.001
150,4083.4,gnorm,0.017
150,4083.4,queued,1
150,4083.4,dropped,0
150,4083.4,received,1209
150,4083.4,snap_dropped,0
150,4083.4,logp_gap,0.008
151,4110.7,reward,0.799
151,4110.7,staleness,2
151,4110.7,loss,0.000
151,4110.7,pg,0.000
151,4110.7,ratio,1.001
151,4110.7,gnorm,0.028
151,4110.7,queued,1
151,4110.7,dropped,0
151,4110.7,received,1217
151,4110.7,snap_dropped,0
151,4110.7,logp_gap,0.006
152,4137.9,reward,0.809
152,4137.9,staleness,2
152,4137.9,loss,0.000
152,4137.9,pg,0.000
152,4137.9,ratio,1.001
152,4137.9,gnorm,0.022
152,4137.9,queued,1
152,4137.9,dropped,0
152,4137.9,received,1225
152,4137.9,snap_dropped,0
152,4137.9,logp_gap,0.007
153,4165.2,reward,0.845
153,4165.2,staleness,2
153,4165.2,loss,0.000
153,4165.2,pg,0.000
153,4165.2,ratio,1.001
153,4165.2,gnorm,0.026
153,4165.2,queued,1
153,4165.2,dropped,0
153,4165.2,received,1233
153,4165.2,snap_dropped,0
153,4165.2,logp_gap,0.006
154,4187.8,reward,0.777
154,4187.8,staleness,2
154,4187.8,loss,-0.000
154,4187.8,pg,-0.000
154,4187.8,ratio,1.001
154,4187.8,gnorm,0.024
154,4187.8,queued,1
154,4187.8,dropped,0
154,4187.8,received,1241
154,4187.8,snap_dropped,0
154,4187.8,logp_gap,0.008
155,4212.9,reward,0.889
155,4212.9,staleness,2
155,4212.9,loss,0.000
155,4212.9,pg,0.000
155,4212.9,ratio,1.001
155,4212.9,gnorm,0.022
155,4212.9,queued,1
155,4212.9,dropped,0
155,4212.9,received,1249
155,4212.9,snap_dropped,0
155,4212.9,logp_gap,0.008
156,4240.3,reward,0.696
156,4240.3,staleness,2
156,4240.3,loss,0.000
156,4240.3,pg,0.000
156,4240.3,ratio,2.467
156,4240.3,gnorm,0.033
156,4240.3,queued,1
156,4240.3,dropped,0
156,4240.3,received,1257
156,4240.3,snap_dropped,0
156,4240.3,logp_gap,0.006
157,4267.6,reward,0.788
157,4267.6,staleness,2
157,4267.6,loss,0.000
157,4267.6,pg,0.000
157,4267.6,ratio,1.001
157,4267.6,gnorm,0.030
157,4267.6,queued,1
157,4267.6,dropped,0
157,4267.6,received,1265
157,4267.6,snap_dropped,0
157,4267.6,logp_gap,0.008
158,4294.9,reward,0.781
158,4294.9,staleness,2
158,4294.9,loss,-0.000
158,4294.9,pg,-0.000
158,4294.9,ratio,1.000
158,4294.9,gnorm,0.035
158,4294.9,queued,1
158,4294.9,dropped,0
158,4294.9,received,1273
158,4294.9,snap_dropped,0
158,4294.9,logp_gap,0.008
159,4322.3,reward,0.725
159,4322.3,staleness,2
159,4322.3,loss,0.000
159,4322.3,pg,0.000
159,4322.3,ratio,1.001
159,4322.3,gnorm,0.019
159,4322.3,queued,2
159,4322.3,dropped,0
159,4322.3,received,1282
159,4322.3,snap_dropped,0
159,4322.3,logp_gap,0.007
160,4349.2,reward,0.836
160,4349.2,staleness,2
160,4349.2,loss,0.000
160,4349.2,pg,0.000
160,4349.2,ratio,1.001
160,4349.2,gnorm,0.028
160,4349.2,queued,2
160,4349.2,dropped,0
160,4349.2,received,1290
160,4349.2,snap_dropped,0
160,4349.2,logp_gap,0.006
160,4362.7,eval_acc,0.609
161,4376.5,reward,0.782
161,4376.5,staleness,2
161,4376.5,loss,0.000
161,4376.5,pg,0.000
161,4376.5,ratio,1.001
161,4376.5,gnorm,0.039
161,4376.5,queued,2
161,4376.5,dropped,0
161,4376.5,received,1298
161,4376.5,snap_dropped,0
161,4376.5,logp_gap,0.008
162,4403.2,reward,0.789
162,4403.2,staleness,2
162,4403.2,loss,0.000
162,4403.2,pg,0.000
162,4403.2,ratio,1.001
162,4403.2,gnorm,0.025
162,4403.2,queued,2
162,4403.2,dropped,0
162,4403.2,received,1306
162,4403.2,snap_dropped,0
162,4403.2,logp_gap,0.008
163,4430.3,reward,0.826
163,4430.3,staleness,2
163,4430.3,loss,0.000
163,4430.3,pg,0.000
163,4430.3,ratio,1.001
163,4430.3,gnorm,0.029
163,4430.3,queued,2
163,4430.3,dropped,0
163,4430.3,received,1314
163,4430.3,snap_dropped,0
163,4430.3,logp_gap,0.006
164,4457.1,reward,0.805
164,4457.1,staleness,2
164,4457.1,loss,0.000
164,4457.1,pg,0.000
164,4457.1,ratio,1.001
164,4457.1,gnorm,0.037
164,4457.1,queued,2
164,4457.1,dropped,0
164,4457.1,received,1322
164,4457.1,snap_dropped,0
164,4457.1,logp_gap,0.009
165,4484.2,reward,0.801
165,4484.2,staleness,2
165,4484.2,loss,0.000
165,4484.2,pg,0.000
165,4484.2,ratio,1.000
165,4484.2,gnorm,0.032
165,4484.2,queued,2
165,4484.2,dropped,0
165,4484.2,received,1330
165,4484.2,snap_dropped,0
165,4484.2,logp_gap,0.005
166,4511.3,reward,0.797
166,4511.3,staleness,2
166,4511.3,loss,0.000
166,4511.3,pg,0.000
166,4511.3,ratio,1.001
166,4511.3,gnorm,0.018
166,4511.3,queued,2
166,4511.3,dropped,0
166,4511.3,received,1338
166,4511.3,snap_dropped,0
166,4511.3,logp_gap,0.009
167,4538.6,reward,0.780
167,4538.6,staleness,2
167,4538.6,loss,0.000
167,4538.6,pg,0.000
167,4538.6,ratio,1.001
167,4538.6,gnorm,0.025
167,4538.6,queued,2
167,4538.6,dropped,0
167,4538.6,received,1346
167,4538.6,snap_dropped,0
167,4538.6,logp_gap,0.008
168,4565.1,reward,0.904
168,4565.1,staleness,2
168,4565.1,loss,-0.000
168,4565.1,pg,-0.000
168,4565.1,ratio,1.001
168,4565.1,gnorm,0.023
168,4565.1,queued,2
168,4565.1,dropped,0
168,4565.1,received,1354
168,4565.1,snap_dropped,0
168,4565.1,logp_gap,0.006
169,4592.4,reward,0.789
169,4592.4,staleness,2
169,4592.4,loss,0.000
169,4592.4,pg,0.000
169,4592.4,ratio,1.001
169,4592.4,gnorm,0.039
169,4592.4,queued,2
169,4592.4,dropped,0
169,4592.4,received,1362
169,4592.4,snap_dropped,0
169,4592.4,logp_gap,0.007
170,4619.2,reward,0.911
170,4619.2,staleness,2
170,4619.2,loss,0.000
170,4619.2,pg,0.000
170,4619.2,ratio,1.001
170,4619.2,gnorm,0.029
170,4619.2,queued,2
170,4619.2,dropped,0
170,4619.2,received,1370
170,4619.2,snap_dropped,0
170,4619.2,logp_gap,0.007
171,4646.3,reward,0.763
171,4646.3,staleness,2
171,4646.3,loss,0.000
171,4646.3,pg,0.000
171,4646.3,ratio,1.001
171,4646.3,gnorm,0.031
171,4646.3,queued,2
171,4646.3,dropped,0
171,4646.3,received,1378
171,4646.3,snap_dropped,0
171,4646.3,logp_gap,0.008
172,4673.3,reward,0.787
172,4673.3,staleness,2
172,4673.3,loss,0.000
172,4673.3,pg,0.000
172,4673.3,ratio,1.001
172,4673.3,gnorm,0.032
172,4673.3,queued,3
172,4673.3,dropped,0
172,4673.3,received,1387
172,4673.3,snap_dropped,0
172,4673.3,logp_gap,0.006
173,4700.6,reward,0.859
173,4700.6,staleness,2
173,4700.6,loss,0.000
173,4700.6,pg,0.000
173,4700.6,ratio,1.001
173,4700.6,gnorm,0.023
173,4700.6,queued,3
173,4700.6,dropped,0
173,4700.6,received,1395
173,4700.6,snap_dropped,0
173,4700.6,logp_gap,0.007
174,4727.6,reward,0.789
174,4727.6,staleness,2
174,4727.6,loss,0.000
174,4727.6,pg,0.000
174,4727.6,ratio,1.001
174,4727.6,gnorm,0.030
174,4727.6,queued,3
174,4727.6,dropped,0
174,4727.6,received,1403
174,4727.6,snap_dropped,0
174,4727.6,logp_gap,0.007
175,4755.0,reward,0.908
175,4755.0,staleness,2
175,4755.0,loss,0.000
175,4755.0,pg,0.000
175,4755.0,ratio,1.001
175,4755.0,gnorm,0.022
175,4755.0,queued,3
175,4755.0,dropped,0
175,4755.0,received,1411
175,4755.0,snap_dropped,0
175,4755.0,logp_gap,0.007
176,4781.5,reward,0.813
176,4781.5,staleness,2
176,4781.5,loss,0.000
176,4781.5,pg,0.000
176,4781.5,ratio,1.001
176,4781.5,gnorm,0.018
176,4781.5,queued,3
176,4781.5,dropped,0
176,4781.5,received,1419
176,4781.5,snap_dropped,0
176,4781.5,logp_gap,0.007
177,4808.9,reward,0.797
177,4808.9,staleness,2
177,4808.9,loss,0.000
177,4808.9,pg,0.000
177,4808.9,ratio,1.001
177,4808.9,gnorm,0.042
177,4808.9,queued,3
177,4808.9,dropped,0
177,4808.9,received,1427
177,4808.9,snap_dropped,0
177,4808.9,logp_gap,0.009
178,4836.1,reward,0.853
178,4836.1,staleness,2
178,4836.1,loss,0.000
178,4836.1,pg,0.000
178,4836.1,ratio,1.001
178,4836.1,gnorm,0.019
178,4836.1,queued,3
178,4836.1,dropped,0
178,4836.1,received,1435
178,4836.1,snap_dropped,0
178,4836.1,logp_gap,0.006
179,4863.0,reward,0.727
179,4863.0,staleness,2
179,4863.0,loss,0.000
179,4863.0,pg,0.000
179,4863.0,ratio,1.001
179,4863.0,gnorm,0.023
179,4863.0,queued,3
179,4863.0,dropped,0
179,4863.0,received,1443
179,4863.0,snap_dropped,0
179,4863.0,logp_gap,0.008
180,4890.1,reward,0.772
180,4890.1,staleness,2
180,4890.1,loss,0.000
180,4890.1,pg,0.000
180,4890.1,ratio,1.001
180,4890.1,gnorm,0.022
180,4890.1,queued,3
180,4890.1,dropped,0
180,4890.1,received,1451
180,4890.1,snap_dropped,0
180,4890.1,logp_gap,0.009
180,4903.8,eval_acc,0.609
181,4917.2,reward,0.721
181,4917.2,staleness,2
181,4917.2,loss,0.000
181,4917.2,pg,0.000
181,4917.2,ratio,1.001
181,4917.2,gnorm,0.027
181,4917.2,queued,3
181,4917.2,dropped,0
181,4917.2,received,1459
181,4917.2,snap_dropped,0
181,4917.2,logp_gap,0.008
182,4943.9,reward,0.839
182,4943.9,staleness,2
182,4943.9,loss,0.000
182,4943.9,pg,0.000
182,4943.9,ratio,1.001
182,4943.9,gnorm,0.041
182,4943.9,queued,3
182,4943.9,dropped,0
182,4943.9,received,1467
182,4943.9,snap_dropped,0
182,4943.9,logp_gap,0.007
183,4970.7,reward,0.819
183,4970.7,staleness,2
183,4970.7,loss,0.000
183,4970.7,pg,0.000
183,4970.7,ratio,1.001
183,4970.7,gnorm,0.030
183,4970.7,queued,3
183,4970.7,dropped,0
183,4970.7,received,1475
183,4970.7,snap_dropped,0
183,4970.7,logp_gap,0.007
184,4997.7,reward,0.784
184,4997.7,staleness,2
184,4997.7,loss,0.000
184,4997.7,pg,0.000
184,4997.7,ratio,1.001
184,4997.7,gnorm,0.032
184,4997.7,queued,3
184,4997.7,dropped,0
184,4997.7,received,1483
184,4997.7,snap_dropped,0
184,4997.7,logp_gap,0.007
185,5024.8,reward,0.727
185,5024.8,staleness,2
185,5024.8,loss,0.000
185,5024.8,pg,0.000
185,5024.8,ratio,1.001
185,5024.8,gnorm,0.023
185,5024.8,queued,3
185,5024.8,dropped,0
185,5024.8,received,1491
185,5024.8,snap_dropped,0
185,5024.8,logp_gap,0.008
186,5051.9,reward,0.771
186,5051.9,staleness,2
186,5051.9,loss,0.000
186,5051.9,pg,0.000
186,5051.9,ratio,1.001
186,5051.9,gnorm,0.017
186,5051.9,queued,3
186,5051.9,dropped,0
186,5051.9,received,1499
186,5051.9,snap_dropped,0
186,5051.9,logp_gap,0.009
187,5079.1,reward,0.756
187,5079.1,staleness,2
187,5079.1,loss,0.000
187,5079.1,pg,0.000
187,5079.1,ratio,1.001
187,5079.1,gnorm,0.018
187,5079.1,queued,3
187,5079.1,dropped,0
187,5079.1,received,1507
187,5079.1,snap_dropped,0
187,5079.1,logp_gap,0.006
188,5106.8,reward,0.851
188,5106.8,staleness,2
188,5106.8,loss,0.000
188,5106.8,pg,0.000
188,5106.8,ratio,1.001
188,5106.8,gnorm,0.029
188,5106.8,queued,3
188,5106.8,dropped,0
188,5106.8,received,1515
188,5106.8,snap_dropped,0
188,5106.8,logp_gap,0.007
189,5133.9,reward,0.744
189,5133.9,staleness,2
189,5133.9,loss,0.000
189,5133.9,pg,0.000
189,5133.9,ratio,1.001
189,5133.9,gnorm,0.019
189,5133.9,queued,3
189,5133.9,dropped,0
189,5133.9,received,1523
189,5133.9,snap_dropped,0
189,5133.9,logp_gap,0.008
190,5161.2,reward,0.856
190,5161.2,staleness,2
190,5161.2,loss,0.000
190,5161.2,pg,0.000
190,5161.2,ratio,1.001
190,5161.2,gnorm,0.021
190,5161.2,queued,3
190,5161.2,dropped,0
190,5161.2,received,1531
190,5161.2,snap_dropped,0
190,5161.2,logp_gap,0.005
191,5187.6,reward,0.833
191,5187.6,staleness,2
191,5187.6,loss,0.000
191,5187.6,pg,0.000
191,5187.6,ratio,1.001
191,5187.6,gnorm,0.029
191,5187.6,queued,3
191,5187.6,dropped,0
191,5187.6,received,1539
191,5187.6,snap_dropped,0
191,5187.6,logp_gap,0.009
192,5215.0,reward,0.812
192,5215.0,staleness,2
192,5215.0,loss,0.000
192,5215.0,pg,0.000
192,5215.0,ratio,1.001
192,5215.0,gnorm,0.021
192,5215.0,queued,3
192,5215.0,dropped,0
192,5215.0,received,1547
192,5215.0,snap_dropped,0
192,5215.0,logp_gap,0.006
193,5241.4,reward,0.801
193,5241.4,staleness,2
193,5241.4,loss,0.000
193,5241.4,pg,0.000
193,5241.4,ratio,1.001
193,5241.4,gnorm,0.023
193,5241.4,queued,3
193,5241.4,dropped,0
193,5241.4,received,1555
193,5241.4,snap_dropped,0
193,5241.4,logp_gap,0.008
194,5269.1,reward,0.822
194,5269.1,staleness,2
194,5269.1,loss,0.000
194,5269.1,pg,0.000
194,5269.1,ratio,1.001
194,5269.1,gnorm,0.027
194,5269.1,queued,3
194,5269.1,dropped,0
194,5269.1,received,1563
194,5269.1,snap_dropped,0
194,5269.1,logp_gap,0.004
195,5296.8,reward,0.757
195,5296.8,staleness,2
195,5296.8,loss,0.000
195,5296.8,pg,0.000
195,5296.8,ratio,1.001
195,5296.8,gnorm,0.024
195,5296.8,queued,3
195,5296.8,dropped,0
195,5296.8,received,1571
195,5296.8,snap_dropped,0
195,5296.8,logp_gap,0.006
196,5321.2,reward,0.833
196,5321.2,staleness,2
196,5321.2,loss,0.000
196,5321.2,pg,0.000
196,5321.2,ratio,1.001
196,5321.2,gnorm,0.022
196,5321.2,queued,3
196,5321.2,dropped,0
196,5321.2,received,1579
196,5321.2,snap_dropped,0
196,5321.2,logp_gap,0.009
197,5348.6,reward,0.761
197,5348.6,staleness,2
197,5348.6,loss,0.000
197,5348.6,pg,0.000
197,5348.6,ratio,1.001
197,5348.6,gnorm,0.023
197,5348.6,queued,3
197,5348.6,dropped,0
197,5348.6,received,1587
197,5348.6,snap_dropped,0
197,5348.6,logp_gap,0.005
198,5377.3,reward,0.791
198,5377.3,staleness,2
198,5377.3,loss,0.000
198,5377.3,pg,0.000
198,5377.3,ratio,1.001
198,5377.3,gnorm,0.036
198,5377.3,queued,3
198,5377.3,dropped,0
198,5377.3,received,1595
198,5377.3,snap_dropped,0
198,5377.3,logp_gap,0.007
199,5403.6,reward,0.757
199,5403.6,staleness,2
199,5403.6,loss,-0.000
199,5403.6,pg,-0.000
199,5403.6,ratio,1.001
199,5403.6,gnorm,0.025
199,5403.6,queued,3
199,5403.6,dropped,0
199,5403.6,received,1603
199,5403.6,snap_dropped,0
199,5403.6,logp_gap,0.006
